SPP,Taxonomic_group,Maximum_size,Depth_category,Trophic_group,Caudal_fin,Body_shape,Body_mass,Status,Trend,Reported_function,Herbivory_pressure,Nutrient_transport_storage,Bioturbation_bioerosion,Coral_reef_resilience,Organism_dispersal,Marine_top_predator_Apex_predator,Marine_mesopredator,Trophic_regulation,Trophic_dynamic_regulation
Acanthurus_bahianus,Osteichthyes,-0.668444988,B,SCRP,Truncated,Short_deep,-0.100067994,LC,Stable,1,1,1,0,1,1,0,0,1,1
Acanthurus_chirurgus,Osteichthyes,-0.64164152,C,SCRP,Truncated,Short_deep,-0.100002115,LC,Stable,1,1,1,0,1,0,0,0,0,0
Acanthurus_coeruleus,Osteichthyes,-0.636280826,C,BROW,Truncated,Short_deep,-0.099941207,LC,Stable,1,1,1,0,0,1,0,0,0,0
Acanthurus_monroviae,Osteichthyes,-0.614838052,B,SCRP,Lunated,Short_deep,-0.099907611,LC,Unknown,1,1,0,0,0,0,0,0,0,0
Acroteriobatus_annulatus,Osteichthyes,-0.078768692,C,CAR,Heterocercal,Wedge_shaped,-0.098517356,LC,Unknown,1,0,0,0,1,0,0,1,1,1
Acroteriobatus_blochiiá,Chondrichthyes,-0.293196436,B,MINV,Heterocercal,Shovel-shaped,-0.09900282,LC,Unknown,1,0,0,0,1,0,0,1,1,1
Aetobatus_narinari,Chondrichthyes,0.939763093,C,CAR,Absent,Lozenge_shaped,-0.004854883,NT,Decreasing,1,0,0,0,0,0,0,1,1,1
Alectis_alexandrina,Osteichthyes,-0.293196436,C,CAR,Forked,Short_deep,-0.097865948,LC,Stable,1,0,0,0,0,0,0,1,1,1
Alectis_ciliaris,Osteichthyes,-0.132375628,C,CAR,Forked,Short_deep,-0.095215962,LC,Unknown,1,0,0,0,0,0,0,1,1,1
Alopias_superciliosus,Chondrichthyes,1.572324938,D,CAR,Heterocercal,Elongated,0.020980005,VU,Decreasing,1,0,0,0,0,0,1,0,1,1
Alopias_vulpinus,Chondrichthyes,3.244861341,D,CAR,Heterocercal,Elongated,0.207082646,VU,Decreasing,1,0,0,0,0,0,1,0,1,1
Apsilus_dentatus,Osteichthyes,-0.480820712,D,CAR,Forked,Fusiform,-0.099460642,LC,Unknown,1,0,0,0,0,0,0,1,1,1
Apsilus_fuscus,Osteichthyes,-0.427213776,D,CAR,Lunated,Fusiform,-0.099209815,LC,Unknown,1,0,0,0,0,0,0,1,1,1
Atlantoraja_castelnaui,Chondrichthyes,-0.12165424,D,CAR,Lanceolated,Rhombic,-0.095634109,EN,Decreasing,1,0,0,0,0,0,0,0,1,1
Atlantoraja_cyclophora,Chondrichthyes,-0.406307071,D,CAR,Lanceolated,Rhombic,-0.099573077,VU,Decreasing,1,0,0,0,0,0,0,0,1,1
Atlantoraja_platana,Chondrichthyes,-0.391833198,D,CAR,Lanceolated,Rhombic,-0.099141219,VU,Decreasing,1,0,0,0,0,0,0,0,1,1
Bathytoshia_centroura,Chondrichthyes,0.350086797,D,MINV,Absent,Rhombic,-0.083578779,LC,Unknown,0,0,0,0,0,0,0,0,0,0
Campogramma_glaycos,Osteichthyes,-0.50762418,A,PISC,Forked,Fusiform,-0.099651268,LC,Stable,1,0,0,0,0,0,0,1,1,1
Caranx_bartholomaei,Osteichthyes,-0.346803372,C,PISC,Forked,Fusiform,-0.097781326,LC,Stable,1,0,0,0,0,0,0,1,1,1
Caranx_crysos,Osteichthyes,-0.454017244,C,PISC,Forked,Fusiform,-0.09912133,LC,Unknown,1,0,0,0,0,0,0,1,1,1
Caranx_fischeri,Osteichthyes,-0.545149035,D,PISC,Forked,Fusiform,-0.099706365,LC,Stable,1,0,0,0,0,0,0,1,1,1
Caranx_hippos,Osteichthyes,-0.293196436,D,PISC,Forked,Fusiform,-0.097275274,LC,Stable,1,0,0,0,0,0,0,1,1,1
Caranx_latus,Osteichthyes,-0.293196436,C,PISC,Forked,Fusiform,-0.097275274,LC,Stable,1,0,0,0,0,0,0,1,1,1
Caranx_lugubris,Osteichthyes,-0.346803372,D,PISC,Forked,Fusiform,-0.09804311,LC,Stable,1,0,0,0,0,0,0,1,1,1
Caranx_rhonchus,Osteichthyes,-0.50762418,D,PISC,Forked,Fusiform,-0.099567185,LC,Stable,1,0,0,0,0,0,0,1,1,1
Caranx_ruber,Osteichthyes,-0.50762418,B,PISC,Forked,Fusiform,-0.099553693,LC,Unknown,1,0,0,0,0,0,0,1,1,1
Caranx_senegallus,Osteichthyes,-0.293196436,D,PISC,Lunated,Fusiform,-0.097275915,LC,Stable,1,0,0,0,0,0,0,1,1,1
Carcharhinus_acronotus,Chondrichthyes,0.242872924,D,PISC,Heterocercal,Elongated,-0.084234055,NT,Decreasing,0,0,0,0,0,0,0,0,0,0
Carcharhinus_amboinensis,Chondrichthyes,0.671728413,C,CAR,Heterocercal,Elongated,-0.058024516,DD,Unknown,1,0,0,0,0,0,1,0,1,1
Carcharhinus_brachyurus,Chondrichthyes,0.912959625,D,CAR,Heterocercal,Elongated,-0.039873759,NT,Unknown,1,0,0,0,0,0,1,0,1,1
Carcharhinus_brevipinna,Chondrichthyes,0.778942285,D,CAR,Heterocercal,Elongated,-0.066810755,NT,Unknown,0,0,0,0,0,0,0,0,0,0
Carcharhinus_falciformis,Chondrichthyes,1.046976965,D,CAR,Heterocercal,Elongated,-0.024363223,VU,Decreasing,1,0,0,0,0,0,1,0,1,1
Carcharhinus_galapagensis,Chondrichthyes,1.154190837,D,CAR,Heterocercal,Elongated,0.007004712,NT,Unknown,1,0,0,0,0,0,1,0,1,1
Carcharhinus_leucasá,Chondrichthyes,1.046976965,D,CAR,Heterocercal,Elongated,-0.033488561,NT,Unknown,1,0,0,0,0,0,1,0,1,1
Carcharhinus_limbatus,Chondrichthyes,0.644924945,A,CAR,Heterocercal,Elongated,-0.066905164,NT,Unknown,1,0,0,0,0,0,1,0,1,1
Carcharhinus_longimanus,Chondrichthyes,1.29356887,D,CAR,Heterocercal,Elongated,0.098054222,VU,Decreasing,0,0,0,0,0,0,0,0,0,0
Carcharhinus_obscurus,Chondrichthyes,1.422225517,D,CAR,Heterocercal,Elongated,0.09831708,VU,Decreasing,1,0,0,0,0,0,1,1,1,1
Carcharhinus_perezi,Chondrichthyes,0.778942285,C,CAR,Heterocercal,Elongated,-0.016643265,NT,Decreasing,1,0,0,0,0,0,1,0,1,1
Carcharhinus_plumbeus,Chondrichthyes,0.510907605,D,CAR,Heterocercal,Elongated,-0.056516101,VU,Decreasing,0,0,0,0,0,0,0,0,0,0
Carcharhinus_porosus,Chondrichthyes,-0.025161756,B,CAR,Heterocercal,Elongated,-0.096221928,DD,Unknown,1,0,0,0,0,0,1,0,1,1
Carcharhinus_signatus,Chondrichthyes,0.671728413,D,CAR,Heterocercal,Elongated,-0.066622076,VU,Decreasing,1,0,0,0,0,0,1,0,1,1
Carcharias_taurus,Chondrichthyes,0.886156157,D,CAR,Heterocercal,Elongated,-0.029561675,VU,Unknown,1,0,0,0,0,0,1,0,1,1
Carcharodon_carcharias,Chondrichthyes,2.065508749,D,CAR,Heterocercal,Elongated,0.284062281,VU,Unknown,1,0,0,0,0,0,1,0,1,1
Caretta_caretta,Reptile,-0.100211466,D,CAR,Absent,Oval,-0.029783409,VU,Decreasing,1,0,1,0,0,1,0,0,0,0
Cephalopholis_cruentata,Osteichthyes,-0.665764641,A,CAR,Rounded,Fusiform,-0.100062561,LC,Stable,1,0,0,0,0,0,0,1,1,1
Cephalopholis_fulva,Osteichthyes,-0.665764641,D,CAR,Rounded,Fusiform,-0.100066316,LC,Decreasing,1,0,0,0,0,0,0,1,1,1
Cephalopholis_nigri,Osteichthyes,-0.668444988,C,CAR,Rounded,Fusiform,-0.100066682,LC,Unknown,1,0,0,0,0,0,0,1,1,1
Cephalopholis_taeniops,Osteichthyes,-0.454017244,D,CAR,Rounded,Fusiform,-0.099056477,LC,Stable,1,0,0,0,0,0,0,1,1,1
Chelonia_mydas,Reptile,-0.062686611,D,HERB,Absent,Oval,-0.02885788,EN,Decreasing,1,1,1,0,1,1,0,0,1,1
Chloroscombrus_chrysurus,Osteichthyes,-0.480820712,C,DPLA,Forked,Fusiform,-0.099561431,LC,Stable,1,0,0,0,0,0,0,1,1,1
Cryptotomus_roseus,Osteichthyes,-0.768153889,C,SCRP,Truncated,Fusiform,-0.100142495,LC,Unknown,1,1,0,0,0,0,0,0,0,0
Dasyatis_hypostigma,Chondrichthyes,-0.518345567,C,MINV,Absent,Rhombic,-0.099789395,DD,Unknown,1,0,0,0,0,0,0,1,1,1
Decapterus_macarellus,Osteichthyes,-0.614838052,D,PISC,Forked,Elongated,-0.099970529,LC,Unknown,1,0,0,0,0,0,0,1,1,1
Decapterus_muroadsi,Osteichthyes,-0.561231116,D,PISC,Forked,Elongated,-0.099890532,LC,Unknown,1,0,0,0,0,0,0,1,1,1
Dermochelys_coriacea,Reptile,0.618121477,D,MINV,Absent,Oval,0.174900863,VU,Decreasing,1,0,0,0,0,0,0,0,1,1
Diplobatis_pictus,Chondrichthyes,-0.755824293,C,CAR,Rounded,Oval,-0.100143618,VU,Unknown,0,0,0,0,0,0,0,0,0,0
Epinephelus_adscensionis,Osteichthyes,-0.502263486,D,CAR,Rounded,Fusiform,-0.099325604,LC,Stable,1,0,0,0,0,0,0,1,1,1
Epinephelus_aeneus,Osteichthyes,-0.185982564,D,CAR,Rounded,Fusiform,-0.095032448,NT,Decreasing,1,0,0,0,0,0,0,1,1,1
Epinephelus_caninus,Osteichthyes,0.02844518,D,CAR,Rounded,Fusiform,-0.08382845,DD,Unknown,1,0,0,0,0,0,0,1,1,1
Epinephelus_costae,Osteichthyes,-0.078768692,D,CAR,Rounded,Fusiform,-0.095157131,DD,Unknown,1,0,0,0,0,0,0,1,1,1
Epinephelus_drummondhayi,Osteichthyes,-0.2395895,D,CAR,Truncated,Fusiform,-0.096310267,DD,Decreasing,1,0,0,0,0,0,0,1,1,1
Epinephelus_flavolimbatus,Osteichthyes,-0.212786032,D,CAR,Truncated,Fusiform,-0.093012728,VU,Decreasing,1,0,0,0,0,0,0,1,1,1
Epinephelus_goreensis,Osteichthyes,-0.078768692,D,CAR,Rounded,Fusiform,-0.093233921,NT,Decreasing,1,0,0,0,0,0,0,1,1,1
Epinephelus_guttatus,Osteichthyes,-0.584282098,B,CAR,Truncated,Fusiform,-0.099869472,LC,Unknown,1,0,0,0,0,0,0,1,1,1
Epinephelus_itajara,Osteichthyes,0.477671304,C,CAR,Rounded,Fusiform,-0.06114265,VU,Decreasing,1,0,0,0,0,0,0,1,1,1
Epinephelus_marginatus,Osteichthyes,-0.025161756,D,CAR,Rounded,Fusiform,-0.089985214,VU,Decreasing,1,0,0,0,0,0,0,1,1,1
Epinephelus_morio,Osteichthyes,-0.159179096,D,CAR,Truncated,Fusiform,-0.094138565,VU,Decreasing,1,0,0,0,0,0,0,1,1,1
Epinephelus_striatus,Osteichthyes,-0.175797246,A,CAR,Rounded,Fusiform,-0.094656045,CR,Decreasing,1,0,0,0,0,0,0,1,1,1
Eretmochelys_imbricata,Reptile,-0.218146725,D,OMNI,Absent,Oval,-0.052231071,CR,Decreasing,1,1,1,0,1,1,0,0,1,1
Etelis_oculatus,Osteichthyes,-0.293196436,D,PISC,Forked,Fusiform,-0.0975286,DD,Unknown,1,0,0,0,0,0,0,1,1,1
Fontitrygon_margaritellaá,Chondrichthyes,-0.668444988,C,MINV,Absent,Oval,-0.100099643,DD,Unknown,0,0,0,0,0,0,0,0,0,0
Galeocerdo_cuvier,Chondrichthyes,3.191254405,D,CAR,Heterocercal,Elongated,0.678267571,NT,Decreasing,1,0,1,0,0,0,1,0,1,1
Galeorhinus_galeus,Chondrichthyes,0.205348069,D,CAR,Heterocercal,Elongated,-0.09337939,VU,Decreasing,1,0,0,0,0,0,1,0,1,1
Ginglymostoma_cirratum,Chondrichthyes,1.475832453,D,CAR,Heterocercal,Elongated,0.014517812,DD,Unknown,0,0,0,0,0,0,0,0,0,0
Girella_zonata,Osteichthyes,-0.700609149,B,MALG,Truncated,Fusiform,-0.100114274,VU,Unknown,1,1,0,0,0,0,0,0,0,0
Gymnura_altavela,Chondrichthyes,1.315011645,C,MINV,Absent,Rhombic,0.03555204,VU,Decreasing,1,0,0,0,0,0,0,1,1,1
Gymnura_micrura,Chondrichthyes,-0.094850772,B,MINV,Absent,Rhombic,-0.095569919,DD,Unknown,1,0,0,0,0,0,0,0,1,1
Hemicaranx_amblyrhynchus,Osteichthyes,-0.561231116,B,PISC,Forked,Fusiform,-0.099342172,LC,Unknown,1,0,0,0,0,0,0,1,1,1
Hemicaranx_bicolor,Osteichthyes,-0.454017244,B,PISC,Forked,Fusiform,-0.099503513,LC,Stable,1,0,0,0,0,0,0,1,1,1
Hexanchus_griseus,Chondrichthyes,1.75458852,D,CAR,Heterocercal,Elongated,0.130360447,NT,Unknown,1,0,0,0,0,0,1,0,1,1
Himantura_schmardae,Chondrichthyes,0.242872924,B,CAR,Absent,Circular,-0.071293922,DD,Unknown,0,0,0,0,0,0,0,0,0,0
Hypanus_americanus,Chondrichthyes,0.242872924,C,MINV,Absent,Rhombic,-0.054148248,DD,Unknown,1,0,0,0,0,0,0,0,1,1
Hypanus_guttatusá,Chondrichthyes,0.242872924,B,MINV,Absent,Rhombic,-0.071355766,DD,Unknown,0,0,0,0,0,0,0,0,0,0
Hypanus_marianae,Chondrichthyes,-0.614838052,A,MINV,Absent,Rhombic,-0.099852244,DD,Unknown,1,0,0,0,0,0,0,0,1,0
Hypanus_say,Chondrichthyes,-0.293196436,B,CAR,Absent,Rhombic,-0.09825029,LC,Unknown,0,0,0,0,0,0,0,0,0,0
Hyporthodus_haifensis,Osteichthyes,-0.2395895,D,CAR,Rounded,Fusiform,-0.09583432,LC,Unknown,1,0,0,0,0,0,0,1,1,1
Hyporthodus_mystacinus,Osteichthyes,0.02844518,D,CAR,Truncated,Fusiform,-0.086386554,LC,Unknown,1,0,0,0,0,0,0,1,1,1
Hyporthodus_nigritus,Osteichthyes,-0.184374356,D,CAR,Truncated,Fusiform,-0.093939872,NT,Unknown,1,0,0,0,0,0,0,1,1,1
Hyporthodus_niveatus,Osteichthyes,-0.175797246,D,CAR,Truncated,Fusiform,-0.092908064,VU,Decreasing,1,0,0,0,0,0,0,1,1,1
Isistius_brasiliensis,Chondrichthyes,-0.604116665,D,CAR,Heterocercal,Elongated,-0.100044685,LC,Unknown,1,0,0,0,0,0,0,0,1,1
Isurus_oxyrinchus,Chondrichthyes,1.315011645,D,CAR,Lunated,Elongated,-0.000912075,EN,Decreasing,1,0,0,0,0,0,1,0,1,1
Isurus_paucus,Chondrichthyes,1.406143436,D,CAR,Heterocercal,Elongated,0.087537873,EN,Decreasing,1,0,0,0,0,0,1,0,1,1
Kyphosus_bigibbus,Osteichthyes,-0.427213776,B,MALG,Truncated,Fusiform,-0.098682729,LC,Unknown,1,1,0,0,0,0,0,0,0,0
Lepidochelys_olivacea,Reptile,-0.421853082,D,CAR,Absent,Oval,-0.10013835,VU,Decreasing,1,0,1,0,0,0,0,0,0,0
Leucoraja_circularis,Chondrichthyes,-0.185982564,D,CAR,Rounded,Rhombic,-0.097999989,EN,Decreasing,1,0,0,0,0,0,0,1,1,1
Leucoraja_fullonica,Chondrichthyes,-0.185982564,D,CAR,Rounded,Rhombic,-0.096474911,VU,Decreasing,1,0,0,0,0,0,0,1,1,1
Lichia_amia,Osteichthyes,0.242872924,B,PISC,Forked,Elongated,-0.082112061,LC,Unknown,1,0,0,0,0,0,0,1,1,1
Lutjanus_agennes,Osteichthyes,-0.084129385,D,CAR,Truncated,Fusiform,-0.095853698,DD,Unknown,1,0,0,0,0,0,0,1,1,1
Lutjanus_analis,Osteichthyes,-0.325360597,C,CAR,Truncated,Fusiform,-0.098018173,NT,Decreasing,1,0,0,0,0,0,0,1,1,1
Lutjanus_apodus,Osteichthyes,-0.470099325,C,CAR,Truncated,Fusiform,-0.099296981,LC,Decreasing,1,0,0,0,0,0,0,1,1,1
Lutjanus_buccanella,Osteichthyes,-0.427213776,D,CAR,Truncated,Fusiform,-0.099007412,DD,Unknown,1,0,0,0,0,0,0,1,1,1
Lutjanus_campechanus,Osteichthyes,-0.293196436,C,CAR,Truncated,Fusiform,-0.097527367,VU,Decreasing,1,0,0,0,0,0,0,1,1,1
Lutjanus_cyanopterus,Osteichthyes,-0.025161756,C,CAR,Truncated,Fusiform,-0.091542665,VU,Decreasing,1,0,0,0,0,0,0,1,1,1
Lutjanus_dentatus,Osteichthyes,-0.025161756,D,CAR,Truncated,Fusiform,-0.090570105,DD,Unknown,1,0,0,0,0,0,0,1,1,1
Lutjanus_endecacanthus,Osteichthyes,-0.37360684,D,CAR,Truncated,Fusiform,-0.098418876,DD,Unknown,1,0,0,0,0,0,0,1,1,1
Lutjanus_fulgens,Osteichthyes,-0.50762418,C,CAR,Truncated,Fusiform,-0.099628988,LC,Unknown,1,0,0,0,0,0,0,1,1,1
Lutjanus_goreensis,Osteichthyes,-0.400410308,D,CAR,Truncated,Fusiform,-0.098704619,DD,Unknown,1,0,0,0,0,0,0,1,1,1
Lutjanus_griseus,Osteichthyes,-0.352164065,D,CAR,Truncated,Fusiform,-0.098118313,LC,Unknown,1,0,0,0,0,0,0,1,1,1
Lutjanus_jocu,Osteichthyes,-0.143097015,C,CAR,Truncated,Fusiform,-0.094012543,DD,Decreasing,1,0,0,0,0,0,0,1,1,1
Lutjanus_mahogoni,Osteichthyes,-0.571952503,C,CAR,Forked,Fusiform,-0.099805225,LC,Unknown,1,0,0,0,0,0,0,1,1,1
Lutjanus_synagris,Osteichthyes,-0.62502337,D,CAR,Truncated,Fusiform,-0.099995142,NT,Decreasing,1,0,0,0,0,0,0,1,1,1
Lutjanus_vivanus,Osteichthyes,-0.384328227,D,CAR,Truncated,Fusiform,-0.098606907,LC,Decreasing,1,0,0,0,0,0,0,1,1,1
Mobula_alfredi,Chondrichthyes,1.851081005,D,CAR,Absent,Lozenge_shaped,0.241110207,VU,Decreasing,1,0,0,0,0,0,0,0,1,1
Mobula_birostris,Chondrichthyes,3.459289085,D,DPLA,Absent,Lozenge_shaped,0.587733164,VU,Decreasing,1,0,0,0,0,0,0,1,1,1
Mobula_hypostoma,Chondrichthyes,-0.185982564,C,MINV,Absent,Lozenge_shaped,-0.095691906,DD,Unknown,1,0,0,0,0,0,0,0,1,1
Mobula_japanicaá,Chondrichthyes,0.832549221,D,MINV,Absent,Lozenge_shaped,-0.020356781,NT,Unknown,1,0,0,0,0,0,0,0,1,1
Mobula_tarapacana,Chondrichthyes,0.778942285,A,MINV,Absent,Lozenge_shaped,-0.02792686,VU,Decreasing,1,0,0,0,0,0,0,0,1,0
Mobula_thurstoni,Chondrichthyes,0.350086797,C,CAR,Absent,Lozenge_shaped,-0.072017106,NT,Decreasing,1,0,0,0,0,0,0,0,1,1
Mustelus_canis,Chondrichthyes,-0.025161756,D,MINV,Heterocercal,Elongated,-0.097229776,NT,Unknown,1,0,0,0,0,0,1,0,1,1
Mustelus_mustelus,Chondrichthyes,0.242872924,D,CAR,Heterocercal,Elongated,-0.094110188,VU,Decreasing,0,0,0,0,0,0,0,0,0,0
Mycteroperca_acutirostris,Osteichthyes,-0.302309615,D,PISC,Truncated,Fusiform,-0.097981889,LC,Stable,1,0,0,0,0,0,0,1,1,1
Mycteroperca_bonaci,Osteichthyes,-0.175797246,C,PISC,Truncated,Fusiform,-0.09546465,NT,Decreasing,1,0,0,0,0,0,0,1,1,1
Mycteroperca_cidi,Osteichthyes,-0.302309615,D,PISC,Truncated,Fusiform,-0.097774227,DD,Unknown,1,0,0,0,0,0,0,1,1,1
Mycteroperca_fusca,Osteichthyes,-0.400410308,D,PISC,Truncated,Fusiform,-0.098957701,VU,Decreasing,1,0,0,0,0,0,0,1,1,1
Mycteroperca_interstitialis,Osteichthyes,-0.420780943,B,PISC,Truncated,Fusiform,-0.099356794,VU,Decreasing,1,0,0,0,0,0,0,1,1,1
Mycteroperca_microlepis,Osteichthyes,-0.302309615,D,PISC,Truncated,Fusiform,-0.09754368,VU,Decreasing,1,0,0,0,0,0,0,1,1,1
Mycteroperca_phenax,Osteichthyes,-0.302309615,D,PISC,Truncated,Fusiform,-0.097773446,DD,Stable,1,0,0,0,0,0,0,1,1,1
Mycteroperca_rubra,Osteichthyes,-0.057325917,D,PISC,Truncated,Fusiform,-0.093151989,LC,Unknown,1,0,0,0,0,0,0,1,1,1
Mycteroperca_tigris,Osteichthyes,-0.420780943,A,PISC,Truncated,Fusiform,-0.098834985,DD,Decreasing,1,0,0,0,0,0,0,1,1,1
Mycteroperca_venenosa,Osteichthyes,-0.339298401,D,PISC,Truncated,Fusiform,-0.097962538,NT,Decreasing,1,0,0,0,0,0,0,1,1,1
Myliobatis_goodei,Chondrichthyes,-0.159179096,D,MINV,Absent,Lozenge_shaped,-0.095926203,DD,Unknown,1,0,1,0,0,1,0,1,1,1
Narcine_bancroftii,Chondrichthyes,-0.539788341,B,CAR,Rounded,Oval,-0.099938705,CR,Unknown,0,0,0,0,0,0,0,0,0,0
Narcine_brasiliensis,Chondrichthyes,-0.539788341,D,CAR,Rounded,Oval,-0.099912137,DD,Unknown,1,0,1,0,0,1,0,0,0,0
Negaprion_brevirostris,Chondrichthyes,0.993370029,D,CAR,Heterocercal,Elongated,-0.020540733,NT,Unknown,1,0,0,0,0,0,1,0,1,1
Nicholsina_collettei,Osteichthyes,-0.700609149,B,SCRP,Lunated,Fusiform,-0.100110084,LC,Unknown,1,1,0,0,0,0,0,0,0,0
Ocyurus_chrysurus,Osteichthyes,-0.368246146,D,CAR,Forked,Fusiform,-0.098544627,DD,Decreasing,1,0,0,0,0,0,0,1,1,1
Odontaspis_ferox,Chondrichthyes,1.583046325,D,CAR,Heterocercal,Elongated,0.075366856,VU,Decreasing,1,0,0,0,0,0,1,0,1,1
Oligoplites_palometa,Osteichthyes,-0.561231116,C,PISC,Forked,Fusiform,-0.099965283,LC,Stable,1,0,0,0,0,0,0,1,1,1
Oligoplites_saliens,Osteichthyes,-0.561231116,C,PISC,Forked,Fusiform,-0.100017576,LC,Stable,1,0,0,0,0,0,0,1,1,1
Oligoplites_saurus,Osteichthyes,-0.561231116,B,DPLA,Forked,Fusiform,-0.100030181,LC,Unknown,1,0,0,0,0,0,0,1,1,1
Paranthias_furcifer,Osteichthyes,-0.668444988,C,DPLA,Truncated,Fusiform,-0.100057866,LC,Stable,1,0,0,0,0,0,0,1,1,1
Prionace_glauca,Chondrichthyes,1.315011645,D,CAR,Heterocercal,Elongated,0.023124839,NT,Unknown,1,0,0,0,0,0,1,0,1,1
Prionurus_biafraensis,Osteichthyes,-0.700609149,A,SCRP,Truncated,Short_deep,-0.100087081,LC,Stable,1,1,0,0,0,0,0,0,0,0
Pristipomoides_aquilonaris,Osteichthyes,-0.529066954,D,PISC,Forked,Fusiform,-0.099718297,LC,Unknown,1,0,0,0,0,0,0,1,1,1
Pristipomoides_freemani,Osteichthyes,0.421384021,D,PISC,Forked,Fusiform,-0.0687347,LC,Unknown,1,0,0,0,0,0,0,1,1,1
Pristipomoides_macrophthalmus,Osteichthyes,-0.561231116,D,PISC,Forked,Fusiform,-0.099852449,LC,Unknown,1,0,0,0,0,0,0,1,1,1
Pseudobatos_horkelii,Chondrichthyes,-0.089490079,D,MINV,Heterocercal,Wedge_shaped,-0.097458724,CR,Decreasing,1,0,0,0,1,0,0,1,1,1
Pseudobatos_lentiginosus,Chondrichthyes,-0.427213776,A,MINV,Heterocercal,Wedge_shaped,-0.099736597,NT,Unknown,1,0,0,0,1,0,0,1,1,1
Pseudobatos_percellens,Chondrichthyes,-0.293196436,D,MINV,Heterocercal,Wedge_shaped,-0.099260744,NT,Unknown,1,0,0,0,1,0,0,1,1,1
Pseudocaranx_dentex,Osteichthyes,-0.185982564,D,DPLA,Forked,Fusiform,-0.095854977,LC,Unknown,1,0,0,0,0,0,0,1,1,1
Pteroplatytrygon_violacea,Chondrichthyes,0.033805874,D,MINV,Absent,Rhombic,-0.08114013,LC,Unknown,1,0,0,0,0,0,0,1,1,1
Raja_maderensis,Chondrichthyes,-0.37360684,D,CAR,Rounded,Rhombic,-0.099126091,VU,Decreasing,0,0,0,0,0,0,0,0,0,0
Rhincodon_typus,Chondrichthyes,9.892121407,D,DPLA,Heterocercal,Elongated,14.83469969,EN,Decreasing,1,0,1,0,0,1,0,0,1,1
Rhinobatos_rhinobatos,Chondrichthyes,-0.293196436,C,CAR,Heterocercal,Wedge_shaped,-0.099612737,EN,Decreasing,1,0,0,0,1,0,0,1,1,1
Rhinoptera_bonasus,Chondrichthyes,0.312561941,D,MINV,Heterocercal,Lozenge_shaped,-0.077930484,NT,Unknown,1,1,1,1,0,1,0,1,1,1
Rhinoptera_brasiliensis,Chondrichthyes,0.312561941,D,MINV,Absent,Lozenge_shaped,-0.078928595,EN,Decreasing,1,0,0,0,0,0,0,1,1,1
Rhizoprionodon_lalandii,Chondrichthyes,-0.416492388,D,CAR,Heterocercal,Elongated,-0.099777565,DD,Unknown,1,0,0,0,0,0,1,1,1,1
Rhizoprionodon_porosus,Chondrichthyes,-0.2395895,D,CAR,Heterocercal,Elongated,-0.09917731,LC,Stable,1,0,1,0,0,0,0,0,1,1
Rhomboplites_aurorubens,Osteichthyes,-0.50762418,C,PISC,Forked,Fusiform,-0.099531884,VU,Decreasing,1,0,0,0,0,0,0,1,1,1
Rhynchobatus_luebberti,Chondrichthyes,0.778942285,C,CAR,Heterocercal,Wedge_shaped,-0.055809113,EN,Decreasing,0,0,0,0,0,0,0,0,0,0
Rioraja_agassizi,Chondrichthyes,-0.44865655,D,CAR,Lanceolated,Rhombic,-0.099742401,VU,Unknown,1,0,0,0,0,0,0,1,1,1
Scarus_coelestinus,Osteichthyes,-0.420780943,B,EXCV,Truncated,Fusiform,-0.098249998,DD,Unknown,1,1,1,1,1,1,0,0,1,1
Scarus_coeruleus,Osteichthyes,-0.175797246,A,SCRP,Truncated,Fusiform,-0.093684601,LC,Unknown,1,1,0,0,0,0,0,0,0,0
Scarus_guacamaia,Osteichthyes,-0.175797246,B,SCRP,Truncated,Fusiform,-0.094138492,NT,Decreasing,1,1,1,1,1,1,0,0,1,1
Scarus_hoefleri,Osteichthyes,-0.50762418,B,SCRP,Truncated,Fusiform,-0.099643642,LC,Unknown,1,1,0,0,0,0,0,0,0,0
Scarus_iseri,Osteichthyes,-0.64164152,A,SCRP,Truncated,Fusiform,-0.100040271,LC,Unknown,1,1,0,1,1,0,0,0,0,0
Scarus_taeniopterus,Osteichthyes,-0.64164152,A,SCRP,Truncated,Fusiform,-0.100024457,LC,Unknown,1,1,1,1,1,1,0,0,1,1
Scarus_trispinosus,Osteichthyes,-0.420780943,C,EXCV,Truncated,Fusiform,-0.097969204,EN,Decreasing,1,1,1,1,1,1,0,0,1,1
Scarus_vetula,Osteichthyes,-0.502263486,A,SCRP,Truncated,Fusiform,-0.099324537,LC,Unknown,1,1,1,1,1,1,0,0,1,1
Scarus_zelindae,Osteichthyes,-0.651290768,C,SCRP,Truncated,Fusiform,-0.099999267,DD,Unknown,1,1,0,0,1,0,0,0,0,0
Schroederichthys_saurisqualus,Chondrichthyes,-0.459377937,D,MINV,Heterocercal,Eel_like,-0.099780322,VU,Unknown,1,0,0,0,1,0,0,1,1,1
Scyliorhinus_haeckelii,Chondrichthyes,-0.50762418,D,CAR,Heterocercal,Elongated,-0.09991016,DD,Unknown,0,0,0,0,0,0,0,0,0,0
Scyliorhinus_stellaris,Chondrichthyes,0.082052116,D,CAR,Heterocercal,Elongated,-0.09402558,NT,Unknown,1,0,0,0,0,0,0,1,1,1
Selar_crumenophthalmus,Osteichthyes,-0.561231116,A,DPLA,Forked,Fusiform,-0.099815683,LC,Stable,1,0,0,0,0,0,0,1,1,1
Selene_brownii,Osteichthyes,-0.673805681,C,MINV,Forked,Short_deep,-0.100007079,LC,Unknown,1,0,0,0,0,0,0,1,1,1
Selene_dorsalis,Osteichthyes,-0.625559439,C,MINV,Forked,Short_deep,-0.100031885,LC,Stable,1,0,0,0,0,0,0,1,1,1
Selene_setapinnis,Osteichthyes,-0.50762418,C,MINV,Forked,Short_deep,-0.099681887,LC,Stable,1,0,0,0,0,0,0,1,1,1
Selene_vomer,Osteichthyes,-0.570344295,C,MINV,Forked,Short_deep,-0.099887218,LC,Stable,1,0,0,0,0,0,0,1,1,1
Seriola_carpenteri,Osteichthyes,-0.437935163,D,PISC,Forked,Fusiform,-0.099172203,LC,Unknown,1,0,0,0,0,0,0,1,1,1
Seriola_dumerili,Osteichthyes,-0.025161756,D,PISC,Forked,Fusiform,-0.092008694,LC,Unknown,1,0,0,0,0,0,0,1,1,1
Seriola_fasciata,Osteichthyes,-0.464738631,D,PISC,Forked,Fusiform,-0.099323902,LC,Unknown,1,0,0,0,0,0,0,1,1,1
Seriola_lalandi,Osteichthyes,-0.025161756,D,PISC,Forked,Elongated,-0.090508158,LC,Stable,1,0,0,0,0,0,0,1,1,1
Seriola_zonata,Osteichthyes,0.082052116,D,PISC,Forked,Fusiform,-0.088633522,LC,Stable,1,0,0,0,0,0,0,1,1,1
Sousa_teuszii,Mammal,0.510907605,C,PISC,Truncated,Elongated,-0.058112336,CR,Decreasing,1,0,0,0,0,0,1,0,1,1
Sparisoma_amplum,Osteichthyes,-0.486181405,C,EXCV,Truncated,Fusiform,-0.098593135,LC,Unknown,1,1,0,1,1,0,0,0,0,0
Sparisoma_atomarium,Osteichthyes,-0.722051924,C,BROW,Truncated,Fusiform,-0.100125283,LC,Unknown,1,1,0,0,0,0,0,0,0,0
Sparisoma_aurofrenatum,Osteichthyes,-0.679702444,A,BROW,Truncated,Fusiform,-0.100073789,LC,Unknown,1,1,0,1,1,0,0,0,1,1
Sparisoma_axillare,Osteichthyes,-0.630920133,C,BROW,Truncated,Fusiform,-0.099950966,DD,Unknown,1,1,0,0,1,0,0,0,0,0
Sparisoma_chrysopterum,Osteichthyes,-0.584282098,B,BROW,Truncated,Fusiform,-0.099840406,LC,Unknown,1,1,0,1,0,0,0,0,0,0
Sparisoma_cretense,Osteichthyes,-0.561231116,B,BROW,Truncated,Fusiform,-0.09982116,LC,Unknown,1,1,0,0,0,0,0,0,0,0
Sparisoma_frondosum,Osteichthyes,-0.612693774,C,BROW,Truncated,Fusiform,-0.099882184,DD,Unknown,1,1,0,0,1,0,0,0,0,0
Sparisoma_griseorubrum,Osteichthyes,-0.612693774,C,BROW,Truncated,Fusiform,-0.099961626,DD,Unknown,1,1,0,0,0,0,0,0,0,0
Sparisoma_radians,Osteichthyes,-0.720443716,A,BROW,Truncated,Fusiform,-0.10012685,LC,Unknown,1,1,0,0,0,0,0,0,0,0
Sparisoma_rubripinne,Osteichthyes,-0.584282098,A,BROW,Truncated,Fusiform,-0.099926774,LC,Unknown,1,1,0,1,0,0,0,0,0,0
Sparisoma_strigatum,Osteichthyes,-0.588034584,A,BROW,Truncated,Fusiform,-0.099852508,LC,Unknown,1,1,0,0,0,0,0,0,0,0
Sparisoma_tuiupiranga,Osteichthyes,-0.695248456,A,BROW,Truncated,Fusiform,-0.100065697,LC,Stable,1,1,1,0,0,0,0,0,0,0
Sparisoma_viride,Osteichthyes,-0.486181405,B,EXCV,Truncated,Fusiform,-0.099238035,LC,Unknown,1,1,1,1,1,1,0,0,1,1
Sphyrna_lewini,Chondrichthyes,1.475832453,D,CAR,Heterocercal,Elongated,0.016944823,EN,Unknown,1,0,0,0,0,0,1,0,1,1
Sphyrna_mokarran,Chondrichthyes,2.440757301,D,CAR,Heterocercal,Elongated,0.11002286,EN,Decreasing,1,0,0,0,0,0,1,0,1,1
Sphyrna_tiburo,Chondrichthyes,-0.025161756,C,CAR,Heterocercal,Elongated,-0.097775631,LC,Stable,1,0,0,0,0,0,1,0,1,1
Sphyrna_zygaena,Chondrichthyes,1.851081005,D,CAR,Heterocercal,Elongated,0.033582373,VU,Decreasing,1,0,0,0,0,0,1,0,1,1
Squatina_guggenheim,Chondrichthyes,-0.132375628,D,CAR,Truncated,Shovel-shaped,-0.095936361,EN,Decreasing,1,0,0,0,0,0,0,1,1,1
Squatina_occulta,Chondrichthyes,0.02844518,D,CAR,Truncated,Shovel-shaped,-0.092230766,CR,Decreasing,0,0,0,0,0,0,0,0,0,0
Squatina_punctata,Chondrichthyes,-0.362885452,C,CAR,Truncated,Shovel-shaped,-0.098905557,EN,Decreasing,0,0,0,0,0,0,0,0,0,0
Squatina_squatina,Chondrichthyes,0.371529571,D,CAR,Truncated,Shovel-shaped,-0.076921342,CR,Decreasing,0,0,0,0,0,0,0,0,0,0
Stenella_longirostris,Mammal,0.457300669,D,CAR,Truncated,Elongated,-0.073527694,LC,Unknown,1,0,0,0,0,0,1,0,1,1
Tetronarce_nobiliana,Chondrichthyes,0.135659052,D,CAR,Rounded,Circular,-0.081786884,DD,Unknown,0,0,0,0,0,0,0,0,0,0
Torpedo_andersoni,Chondrichthyes,-0.663084294,D,CAR,Rounded,Circular,-0.10006588,DD,Unknown,0,0,0,0,0,0,0,0,0,0
Torpedo_marmorata,Chondrichthyes,-0.293196436,D,CAR,Rounded,Circular,-0.097140281,DD,Unknown,1,0,0,0,0,0,0,1,1,1
Trachinotus_carolinus,Osteichthyes,-0.64164152,B,MINV,Forked,Fusiform,-0.100069618,LC,Unknown,1,0,0,0,0,0,0,1,1,1
Trachinotus_cayennensis,Osteichthyes,-0.50762418,C,MINV,Lunated,Fusiform,-0.099611606,LC,Stable,1,0,0,0,0,0,0,1,1,1
Trachinotus_falcatus,Osteichthyes,-0.303917823,C,MINV,Forked,Short_deep,-0.097308803,LC,Stable,1,0,0,0,0,0,0,1,1,1
Trachinotus_goodei,Osteichthyes,-0.64164152,B,MINV,Forked,Short_deep,-0.100054617,LC,Unknown,1,0,0,0,0,0,0,1,1,1
Trachinotus_goreensis,Osteichthyes,-0.293196436,C,MINV,Forked,Fusiform,-0.098835057,LC,Unknown,1,0,0,0,0,0,0,1,1,1
Trachinotus_marginatus,Osteichthyes,-0.588034584,C,MINV,Forked,Fusiform,-0.099919574,LC,Unknown,1,0,0,0,0,0,0,1,1,1
Trachinotus_maxillosus,Osteichthyes,-0.400410308,C,MINV,Forked,Fusiform,-0.098991593,LC,Unknown,1,0,0,0,0,0,0,1,1,1
Trachinotus_ovatus,Osteichthyes,-0.454017244,D,MINV,Forked,Fusiform,-0.099601613,LC,Unknown,1,0,0,0,0,0,0,1,1,1
Trachinotus_teraia,Osteichthyes,-0.464738631,C,MINV,Forked,Short_deep,-0.099645788,LC,Unknown,1,0,0,0,0,0,0,1,1,1
Triakis_megalopterus,Chondrichthyes,0.103494891,B,CAR,Heterocercal,Elongated,-0.093934848,NT,Unknown,0,0,0,0,0,0,0,0,0,0
Trichechus_manatus,Mammal,1.583046325,A,HERB,Rounded,Elongated,0.301555451,VU,Decreasing,1,1,1,0,0,0,1,0,1,1
Trichechus_senegalensis,Mammal,1.315011645,A,OMNI,Rounded,Elongated,0.177661543,VU,Unknown,1,1,0,0,0,0,1,0,1,1
Urobatis_jamaicensis,Chondrichthyes,-0.421853082,A,CAR,Rounded,Oval,-0.09917963,LC,Unknown,0,0,0,0,0,0,0,0,0,0
Urotrygon_microphthalmum,Chondrichthyes,-0.766009611,A,MINV,Rounded,Circular,-0.100143533,LC,Unknown,1,0,0,0,0,0,0,0,1,1
Zapteryx_brevirostris,Chondrichthyes,-0.539788341,B,MINV,Heterocercal,Shovel-shaped,-0.099980527,VU,Decreasing,1,0,0,0,0,0,0,1,1,1
